<?xml version="1.0" encoding="UTF-8"?>
<!DOCTYPE mapper PUBLIC "-//mybatis.org//DTD Mapper 3.0//EN" "http://mybatis.org/dtd/mybatis-3-mapper.dtd">
<mapper namespace="com.yc.ebuy.dao.EasybuyUserMapper">
  <resultMap id="BaseResultMap" type="com.yc.ebuy.bean.EasybuyUser">
    <id column="id" jdbcType="INTEGER" property="id" />
    <result column="loginName" jdbcType="VARCHAR" property="loginname" />
    <result column="userName" jdbcType="VARCHAR" property="username" />
    <result column="password" jdbcType="VARCHAR" property="password" />
    <result column="sex" jdbcType="INTEGER" property="sex" />
    <result column="identityCode" jdbcType="VARCHAR" property="identitycode" />
    <result column="email" jdbcType="VARCHAR" property="email" />
    <result column="mobile" jdbcType="VARCHAR" property="mobile" />
    <result column="type" jdbcType="INTEGER" property="type" />
  </resultMap>
  <sql id="Example_Where_Clause">
    <where>
      <foreach collection="oredCriteria" item="criteria" separator="or">
        <if test="criteria.valid">
          <trim prefix="(" prefixOverrides="and" suffix=")">
            <foreach collection="criteria.criteria" item="criterion">
              <choose>
                <when test="criterion.noValue">
                  and ${criterion.condition}
                </when>
                <when test="criterion.singleValue">
                  and ${criterion.condition} #{criterion.value}
                </when>
                <when test="criterion.betweenValue">
                  and ${criterion.condition} #{criterion.value} and #{criterion.secondValue}
                </when>
                <when test="criterion.listValue">
                  and ${criterion.condition}
                  <foreach close=")" collection="criterion.value" item="listItem" open="(" separator=",">
                    #{listItem}
                  </foreach>
                </when>
              </choose>
            </foreach>
          </trim>
        </if>
      </foreach>
    </where>
  </sql>
  <sql id="Update_By_Example_Where_Clause">
    <where>
      <foreach collection="example.oredCriteria" item="criteria" separator="or">
        <if test="criteria.valid">
          <trim prefix="(" prefixOverrides="and" suffix=")">
            <foreach collection="criteria.criteria" item="criterion">
              <choose>
                <when test="criterion.noValue">
                  and ${criterion.condition}
                </when>
                <when test="criterion.singleValue">
                  and ${criterion.condition} #{criterion.value}
                </when>
                <when test="criterion.betweenValue">
                  and ${criterion.condition} #{criterion.value} and #{criterion.secondValue}
                </when>
                <when test="criterion.listValue">
                  and ${criterion.condition}
                  <foreach close=")" collection="criterion.value" item="listItem" open="(" separator=",">
                    #{listItem}
                  </foreach>
                </when>
              </choose>
            </foreach>
          </trim>
        </if>
      </foreach>
    </where>
  </sql>
  <sql id="Base_Column_List">
    id, loginName, userName, password, sex, identityCode, email, mobile, type
  </sql>
  <select id="selectByExample" parameterType="com.yc.ebuy.bean.EasybuyUserExample" resultMap="BaseResultMap">
    select
    <if test="distinct">
      distinct
    </if>
    <include refid="Base_Column_List" />
    from easybuy_user
    <if test="_parameter != null">
      <include refid="Example_Where_Clause" />
    </if>
    <if test="orderByClause != null">
      order by ${orderByClause}
    </if>
  </select>
  <select id="selectByPrimaryKey" parameterType="java.lang.Integer" resultMap="BaseResultMap">
    select 
    <include refid="Base_Column_List" />
    from easybuy_user
    where id = #{id,jdbcType=INTEGER}
  </select>
  <delete id="deleteByPrimaryKey" parameterType="java.lang.Integer">
    delete from easybuy_user
    where id = #{id,jdbcType=INTEGER}
  </delete>
  <delete id="deleteByExample" parameterType="com.yc.ebuy.bean.EasybuyUserExample">
    delete from easybuy_user
    <if test="_parameter != null">
      <include refid="Example_Where_Clause" />
    </if>
  </delete>
  <insert id="insert" parameterType="com.yc.ebuy.bean.EasybuyUser">
    <selectKey keyProperty="id" order="AFTER" resultType="java.lang.Integer">
      SELECT LAST_INSERT_ID()
    </selectKey>
    insert into easybuy_user (loginName, userName, password, 
      sex, identityCode, email, 
      mobile, type)
    values (#{loginname,jdbcType=VARCHAR}, #{username,jdbcType=VARCHAR}, #{password,jdbcType=VARCHAR}, 
      #{sex,jdbcType=INTEGER}, #{identitycode,jdbcType=VARCHAR}, #{email,jdbcType=VARCHAR}, 
      #{mobile,jdbcType=VARCHAR}, #{type,jdbcType=INTEGER})
  </insert>
  <insert id="insertSelective" parameterType="com.yc.ebuy.bean.EasybuyUser">
    <selectKey keyProperty="id" order="AFTER" resultType="java.lang.Integer">
      SELECT LAST_INSERT_ID()
    </selectKey>
    insert into easybuy_user
    <trim prefix="(" suffix=")" suffixOverrides=",">
      <if test="loginname != null">
        loginName,
      </if>
      <if test="username != null">
        userName,
      </if>
      <if test="password != null">
        password,
      </if>
      <if test="sex != null">
        sex,
      </if>
      <if test="identitycode != null">
        identityCode,
      </if>
      <if test="email != null">
        email,
      </if>
      <if test="mobile != null">
        mobile,
      </if>
      <if test="type != null">
        type,
      </if>
    </trim>
    <trim prefix="values (" suffix=")" suffixOverrides=",">
      <if test="loginname != null">
        #{loginname,jdbcType=VARCHAR},
      </if>
      <if test="username != null">
        #{username,jdbcType=VARCHAR},
      </if>
      <if test="password != null">
        #{password,jdbcType=VARCHAR},
      </if>
      <if test="sex != null">
        #{sex,jdbcType=INTEGER},
      </if>
      <if test="identitycode != null">
        #{identitycode,jdbcType=VARCHAR},
      </if>
      <if test="email != null">
        #{email,jdbcType=VARCHAR},
      </if>
      <if test="mobile != null">
        #{mobile,jdbcType=VARCHAR},
      </if>
      <if test="type != null">
        #{type,jdbcType=INTEGER},
      </if>
    </trim>
  </insert>
  <select id="countByExample" parameterType="com.yc.ebuy.bean.EasybuyUserExample" resultType="java.lang.Long">
    select count(*) from easybuy_user
    <if test="_parameter != null">
      <include refid="Example_Where_Clause" />
    </if>
  </select>
  <update id="updateByExampleSelective" parameterType="map">
    update easybuy_user
    <set>
      <if test="record.id != null">
        id = #{record.id,jdbcType=INTEGER},
      </if>
      <if test="record.loginname != null">
        loginName = #{record.loginname,jdbcType=VARCHAR},
      </if>
      <if test="record.username != null">
        userName = #{record.username,jdbcType=VARCHAR},
      </if>
      <if test="record.password != null">
        password = #{record.password,jdbcType=VARCHAR},
      </if>
      <if test="record.sex != null">
        sex = #{record.sex,jdbcType=INTEGER},
      </if>
      <if test="record.identitycode != null">
        identityCode = #{record.identitycode,jdbcType=VARCHAR},
      </if>
      <if test="record.email != null">
        email = #{record.email,jdbcType=VARCHAR},
      </if>
      <if test="record.mobile != null">
        mobile = #{record.mobile,jdbcType=VARCHAR},
      </if>
      <if test="record.type != null">
        type = #{record.type,jdbcType=INTEGER},
      </if>
    </set>
    <if test="_parameter != null">
      <include refid="Update_By_Example_Where_Clause" />
    </if>
  </update>
  <update id="updateByExample" parameterType="map">
    update easybuy_user
    set id = #{record.id,jdbcType=INTEGER},
      loginName = #{record.loginname,jdbcType=VARCHAR},
      userName = #{record.username,jdbcType=VARCHAR},
      password = #{record.password,jdbcType=VARCHAR},
      sex = #{record.sex,jdbcType=INTEGER},
      identityCode = #{record.identitycode,jdbcType=VARCHAR},
      email = #{record.email,jdbcType=VARCHAR},
      mobile = #{record.mobile,jdbcType=VARCHAR},
      type = #{record.type,jdbcType=INTEGER}
    <if test="_parameter != null">
      <include refid="Update_By_Example_Where_Clause" />
    </if>
  </update>
  <update id="updateByPrimaryKeySelective" parameterType="com.yc.ebuy.bean.EasybuyUser">
    update easybuy_user
    <set>
      <if test="loginname != null">
        loginName = #{loginname,jdbcType=VARCHAR},
      </if>
      <if test="username != null">
        userName = #{username,jdbcType=VARCHAR},
      </if>
      <if test="password != null">
        password = #{password,jdbcType=VARCHAR},
      </if>
      <if test="sex != null">
        sex = #{sex,jdbcType=INTEGER},
      </if>
      <if test="identitycode != null">
        identityCode = #{identitycode,jdbcType=VARCHAR},
      </if>
      <if test="email != null">
        email = #{email,jdbcType=VARCHAR},
      </if>
      <if test="mobile != null">
        mobile = #{mobile,jdbcType=VARCHAR},
      </if>
      <if test="type != null">
        type = #{type,jdbcType=INTEGER},
      </if>
    </set>
    where id = #{id,jdbcType=INTEGER}
  </update>
  <update id="updateByPrimaryKey" parameterType="com.yc.ebuy.bean.EasybuyUser">
    update easybuy_user
    set loginName = #{loginname,jdbcType=VARCHAR},
      userName = #{username,jdbcType=VARCHAR},
      password = #{password,jdbcType=VARCHAR},
      sex = #{sex,jdbcType=INTEGER},
      identityCode = #{identitycode,jdbcType=VARCHAR},
      email = #{email,jdbcType=VARCHAR},
      mobile = #{mobile,jdbcType=VARCHAR},
      type = #{type,jdbcType=INTEGER}
    where id = #{id,jdbcType=INTEGER}
  </update>
</mapper>