<?xml version="1.0" encoding="UTF-8"?>
<!DOCTYPE generatorConfiguration
  PUBLIC "-//mybatis.org//DTD MyBatis Generator Configuration 1.0//EN"
  "http://mybatis.org/dtd/mybatis-generator-config_1_0.dtd">

<generatorConfiguration>
	<!-- 覆盖之前生成的文件命令：-Dmybatis.generator.overwrite=true mybatis-generator:generate -->
	<context id="MySQLTables" targetRuntime="MyBatis3">
		<commentGenerator>
			<!-- 不生成注释 -->
			<property name="suppressAllComments" value="true" />
		</commentGenerator>

		<jdbcConnection driverClass="com.mysql.jdbc.Driver"
			connectionURL="jdbc:mysql://127.0.0.1/C76-S3-Ply-ebuy?serverTimezone=UTC&amp;CharacterEncoding=UTF-8&amp;useSSL=false"
			userId="root" password="a">
			<property name="nullCatalogMeansCurrent" value="true" />
		</jdbcConnection>

		<!-- 实体类包名 -->
		<javaModelGenerator
			targetPackage="com.yc.ebuy.bean" targetProject="src/main/java">
			<!-- 字符串属性加入 trim 函数 -->
			<property name="trimStrings" value="true" />
		</javaModelGenerator>
		<!-- Dao类包名 -->
		<sqlMapGenerator targetPackage="com.yc.ebuy.dao"
			targetProject="src/main/java">
		</sqlMapGenerator>

		<javaClientGenerator type="XMLMAPPER"
			targetPackage="com.yc.ebuy.dao" targetProject="src/main/java">
		</javaClientGenerator>


		<!-- % 表示所有表，更改时间类型 -->
		<table tableName="%">
			<!-- 配置自增列 -->
			<generatedKey column="id" sqlStatement="mysql" identity="true" />
		</table>
	</context>
</generatorConfiguration>